Pokemon,Generation,HP,Attack,Defense,Special_Attack,Special_Defense,Speed,hp_over_total,attack_over_total,defense_over_total,SPA_over_total,SPD_over_total,speed_over_total,Total,Type_I,Type II,Ability_I,Ability_II,Hidden_Ability,Height_m,Weight_kg,Height_over_weight,HP_EV,Attcak_EV,Defense_EV,Special_Attack_EV,Special_Defense_EV,Speed_EV
Bulbasaur,1,45,49,49,65,65,45,0.141509434,0.1540880503,0.1540880503,0.2044025157,0.2044025157,0.141509434,318,Grass,Poison,Overgrow,N/A,Chlorophyll,0.7,6.9,9.857142857,0,0,0,1,0,0
Ivysaur,1,60,62,63,80,80,60,0.1481481481,0.1530864198,0.1555555556,0.1975308642,0.1975308642,0.1481481481,405,Grass,Poison,Overgrow,N/A,Chlorophyll,1,13,13,0,0,0,1,1,0
Venusaur,1,80,82,83,100,100,80,0.1523809524,0.1561904762,0.1580952381,0.1904761905,0.1904761905,0.1523809524,525,Grass,Poison,Overgrow,N/A,Chlorophyll,2,100,50,0,0,0,2,1,0
Charmander,1,39,52,43,60,50,65,0.1262135922,0.1682847896,0.1391585761,0.1941747573,0.1618122977,0.2103559871,309,Fire,N/A,Blaze,N/A,Solar Power,0.6,8.5,14.16666667,0,0,0,0,0,1
Charmeleon,1,58,64,58,80,65,80,0.1432098765,0.1580246914,0.1432098765,0.1975308642,0.1604938272,0.1975308642,405,Fire,N/A,Blaze,N/A,Solar Power,1.1,19,17.27272727,0,0,0,1,0,1
Charizard,1,78,84,78,109,85,100,0.1460674157,0.1573033708,0.1460674157,0.2041198502,0.15917603,0.1872659176,534,Fire,Flying,Blaze,N/A,Solar Power,1.7,90.5,53.23529412,0,0,0,3,0,0
Squirtle,1,44,48,65,60,54,43,0.1401273885,0.152866242,0.2070063694,0.1910828025,0.1719745223,0.1369426752,314,Water,N/A,Torrent,N/A,Rain Dish,0.5,9,18,0,0,1,0,0,0
Wartortle,1,59,63,80,65,80,58,0.1456790123,0.1555555556,0.1975308642,0.1604938272,0.1975308642,0.1432098765,405,Water,N/A,Torrent,N/A,Rain Dish,1,22.5,22.5,0,0,1,0,1,0
Blastoise,1,79,83,100,85,105,78,0.1490566038,0.1566037736,0.1886792453,0.1603773585,0.1981132075,0.1471698113,530,Water,N/A,Torrent,N/A,Rain Dish,1.6,85.5,53.4375,0,0,0,0,3,0
Caterpie,1,45,30,35,20,20,45,0.2307692308,0.1538461538,0.1794871795,0.1025641026,0.1025641026,0.2307692308,195,Bug,N/A,Shield Dust,N/A,Run Away,0.3,2.9,9.666666667,1,0,0,0,0,0
Metapod,1,50,20,55,25,25,30,0.243902439,0.09756097561,0.2682926829,0.1219512195,0.1219512195,0.1463414634,205,Bug,N/A,Shed Skin,N/A,N/A,0.7,9.9,14.14285714,0,0,2,0,0,0
Butterfree,1,60,45,50,90,80,70,0.1518987342,0.1139240506,0.1265822785,0.2278481013,0.2025316456,0.1772151899,395,Bug,Flying,Compoundeyes,N/A,Tinted Lens,1.1,32,29.09090909,0,0,0,2,1,0
Weedle,1,40,35,30,20,20,50,0.2051282051,0.1794871795,0.1538461538,0.1025641026,0.1025641026,0.2564102564,195,Bug,Poison,Shield Dust,N/A,Run Away,0.3,3.2,10.66666667,0,0,0,0,0,1
Kakuna,1,45,25,50,25,25,35,0.2195121951,0.1219512195,0.243902439,0.1219512195,0.1219512195,0.1707317073,205,Bug,Poison,Shed Skin,N/A,N/A,0.6,10,16.66666667,0,0,2,0,0,0
Beedrill,1,65,90,40,40,80,75,0.1666666667,0.2307692308,0.1025641026,0.1025641026,0.2051282051,0.1923076923,390,Bug,Poison,Swarm,N/A,Sniper,1,29.5,29.5,0,2,0,0,1,0
Pidgey,1,40,45,40,35,35,56,0.1593625498,0.1792828685,0.1593625498,0.1394422311,0.1394422311,0.2231075697,251,Normal,Flying,Keen Eye,Tangled Feet,Big Pecks,0.3,1.8,6,0,0,0,0,0,1
Pidgeotto,1,63,60,55,50,50,71,0.1805157593,0.1719197708,0.1575931232,0.1432664756,0.1432664756,0.2034383954,349,Normal,Flying,Keen Eye,Tangled Feet,Big Pecks,1.1,30,27.27272727,0,0,0,0,0,2
Pidgeot,1,83,80,75,70,70,91,0.1769722814,0.170575693,0.1599147122,0.1492537313,0.1492537313,0.1940298507,469,Normal,Flying,Keen Eye,Tangled Feet,Big Pecks,1.5,39.5,26.33333333,0,0,0,0,0,3
Rattata,1,30,56,35,25,35,72,0.1185770751,0.2213438735,0.1383399209,0.09881422925,0.1383399209,0.2845849802,253,Normal,N/A,Run Away,Guts,Hustle,0.3,3.5,11.66666667,0,0,0,0,0,1
Rattata (Alolan),7,30,56,35,25,35,72,0.1185770751,0.2213438735,0.1383399209,0.09881422925,0.1383399209,0.2845849802,253,Dark,Normal,Gluttony,Hustle,Thick Fat,0.3,3.8,12.66666667,0,0,0,0,0,1
Raticate,1,55,81,60,50,70,97,0.1331719128,0.196125908,0.1452784504,0.1210653753,0.1694915254,0.2348668281,413,Normal,N/A,Run Away,Guts,Hustle,0.7,18.5,26.42857143,0,0,0,0,0,2
Raticate (Alolan),7,75,71,70,40,80,77,0.181598063,0.1719128329,0.1694915254,0.09685230024,0.1937046005,0.186440678,413,Dark,Normal,Gluttony,Hustle,Thick Fat,0.7,25.5,36.42857143,0,0,0,0,0,2
Spearow,1,40,60,30,31,31,70,0.1526717557,0.2290076336,0.1145038168,0.1183206107,0.1183206107,0.2671755725,262,Normal,Flying,Keen Eye,N/A,Sniper,0.3,2,6.666666667,0,0,0,0,0,1
Fearow,1,65,90,65,61,61,100,0.1470588235,0.2036199095,0.1470588235,0.1380090498,0.1380090498,0.2262443439,442,Normal,Flying,Keen Eye,N/A,Sniper,1.2,38,31.66666667,0,0,0,0,0,2
Ekans,1,30,60,44,40,54,55,0.1060070671,0.2120141343,0.1554770318,0.1413427562,0.1908127208,0.1943462898,283,Poison,N/A,Intimidate,Shed Skin,Unnerve,2,6.9,3.45,0,1,0,0,0,0
Arbok,1,60,95,69,65,79,80,0.1339285714,0.2120535714,0.1540178571,0.1450892857,0.1763392857,0.1785714286,448,Poison,N/A,Intimidate,Shed Skin,Unnerve,3.5,65,18.57142857,0,2,0,0,0,0
Pikachu,1,35,55,40,50,50,90,0.109375,0.171875,0.125,0.15625,0.15625,0.28125,320,Electric,N/A,Static,N/A,Lightningrod,0.4,6,15,0,0,0,0,0,2
Raichu,1,60,90,55,90,80,110,0.1237113402,0.1855670103,0.1134020619,0.1855670103,0.1649484536,0.2268041237,485,Electric,N/A,Static,N/A,Lightningrod,0.8,30,37.5,0,0,0,0,0,3
Raichu (Alolan),7,60,85,50,95,85,110,0.1237113402,0.175257732,0.1030927835,0.1958762887,0.175257732,0.2268041237,485,Electric,Psychic,Surge Surfer,N/A,N/A,0.7,21,30,0,0,0,0,0,3
Sandshrew,1,50,75,85,20,30,40,0.1666666667,0.25,0.2833333333,0.06666666667,0.1,0.1333333333,300,Ground,N/A,Sand Veil,N/A,Sand Rush,0.6,12,20,0,0,1,0,0,0
Sandshrew (Alolan),7,50,75,90,10,35,40,0.1666666667,0.25,0.3,0.03333333333,0.1166666667,0.1333333333,300,Ice,Steel,Snow Cloak,N/A,Slush Rush,0.7,40,57.14285714,0,0,1,0,0,0
Sandslash,1,75,100,110,45,55,65,0.1666666667,0.2222222222,0.2444444444,0.1,0.1222222222,0.1444444444,450,Ground,N/A,Sand Veil,N/A,Sand Rush,1,29.5,29.5,0,0,2,0,0,0
Sandslash (Alolan),7,75,100,120,25,65,65,0.1666666667,0.2222222222,0.2666666667,0.05555555556,0.1444444444,0.1444444444,450,Ice,Steel,Snow Cloak,N/A,Slush Rush,1.2,55,45.83333333,0,0,2,0,0,0
Nidoran (Female),1,55,47,52,40,40,41,0.2,0.1709090909,0.1890909091,0.1454545455,0.1454545455,0.1490909091,275,Poison,N/A,Poison Point,Rivalry,Hustle,0.4,7,17.5,1,0,0,0,0,0
Nidorina,1,70,62,67,55,55,56,0.1917808219,0.1698630137,0.1835616438,0.1506849315,0.1506849315,0.1534246575,365,Poison,N/A,Poison Point,Rivalry,Hustle,0.8,20,25,2,0,0,0,0,0
Nidoqueen,1,90,92,87,75,85,76,0.1782178218,0.1821782178,0.1722772277,0.1485148515,0.1683168317,0.1504950495,505,Poison,Ground,Poison Point,Rivalry,Sheer Force,1.3,60,46.15384615,3,0,0,0,0,0
Nidoran (Male),1,46,57,40,40,40,50,0.1684981685,0.2087912088,0.1465201465,0.1465201465,0.1465201465,0.1831501832,273,Poison,N/A,Poison Point,Rivalry,Hustle,0.5,9,18,0,1,0,0,0,0
Nidorino,1,61,72,57,55,55,65,0.1671232877,0.197260274,0.1561643836,0.1506849315,0.1506849315,0.1780821918,365,Poison,N/A,Poison Point,Rivalry,Hustle,0.9,19.5,21.66666667,0,2,0,0,0,0
Nidoking,1,81,102,77,85,75,85,0.1603960396,0.201980198,0.1524752475,0.1683168317,0.1485148515,0.1683168317,505,Poison,Ground,Poison Point,Rivalry,Sheer Force,1.4,62,44.28571429,0,3,0,0,0,0
Clefairy,1,70,45,48,60,65,35,0.2167182663,0.1393188854,0.1486068111,0.1857585139,0.2012383901,0.1083591331,323,Fairy,N/A,Cute Charm,Magic Guard,Friend Guard,0.6,7.5,12.5,2,0,0,0,0,0
Clefable,1,95,70,73,95,90,60,0.1966873706,0.1449275362,0.1511387164,0.1966873706,0.1863354037,0.1242236025,483,Fairy,N/A,Cute Charm,Magic Guard,Unaware,1.3,40,30.76923077,3,0,0,0,0,0
Vulpix,1,38,41,40,50,65,65,0.127090301,0.1371237458,0.1337792642,0.1672240803,0.2173913043,0.2173913043,299,Fire,N/A,Flash Fire,N/A,Drought,0.6,9.9,16.5,0,0,0,0,0,1
Vulpix (Alolan),7,38,41,40,50,65,65,0.127090301,0.1371237458,0.1337792642,0.1672240803,0.2173913043,0.2173913043,299,Ice,N/A,Snow Cloak,N/A,Snow Warning,0.6,9.9,16.5,0,0,0,0,0,1
Ninetales,1,73,76,75,81,100,100,0.1445544554,0.1504950495,0.1485148515,0.1603960396,0.198019802,0.198019802,505,Fire,N/A,Flash Fire,N/A,Drought,1.1,19.9,18.09090909,0,0,0,0,1,1
Ninetales (Alolan),7,73,67,75,81,100,109,0.1445544554,0.1326732673,0.1485148515,0.1603960396,0.198019802,0.2158415842,505,Ice,Fairy,Snow Cloak,N/A,Snow Warning,1.1,19.9,18.09090909,0,0,0,0,0,2
Jigglypuff,1,115,45,20,45,25,20,0.4259259259,0.1666666667,0.07407407407,0.1666666667,0.09259259259,0.07407407407,270,Normal,Fairy,Cute Charm,Competitive,Friend Guard,0.5,5.5,11,2,0,0,0,0,0
Wigglytuff,1,140,70,45,85,50,45,0.3218390805,0.1609195402,0.1034482759,0.1954022989,0.1149425287,0.1034482759,435,Normal,Fairy,Cute Charm,Competitive,Frisk,1,12,12,3,0,0,0,0,0
Zubat,1,40,45,35,30,40,55,0.1632653061,0.1836734694,0.1428571429,0.1224489796,0.1632653061,0.2244897959,245,Poison,Flying,Inner Focus,N/A,Infiltrator,0.8,7.5,9.375,0,0,0,0,0,1
Golbat,1,75,80,70,65,75,90,0.1648351648,0.1758241758,0.1538461538,0.1428571429,0.1648351648,0.1978021978,455,Poison,Flying,Inner Focus,N/A,Infiltrator,1.6,55,34.375,0,0,0,0,0,2
Oddish,1,45,50,55,75,65,30,0.140625,0.15625,0.171875,0.234375,0.203125,0.09375,320,Grass,Poison,Chlorophyll,N/A,Run Away,0.5,5.4,10.8,0,0,0,1,0,0
Gloom,1,60,65,70,85,75,40,0.1518987342,0.164556962,0.1772151899,0.2151898734,0.1898734177,0.1012658228,395,Grass,Poison,Chlorophyll,N/A,Stench,0.8,8.6,10.75,0,0,0,2,0,0
Vileplume,1,75,80,85,110,90,50,0.1530612245,0.1632653061,0.1734693878,0.2244897959,0.1836734694,0.1020408163,490,Grass,Poison,Chlorophyll,N/A,Effect Spore,1.2,18.6,15.5,0,0,0,3,0,0
Paras,1,35,70,55,45,55,25,0.1228070175,0.2456140351,0.1929824561,0.1578947368,0.1929824561,0.08771929825,285,Bug,Grass,Effect Spore,Dry Skin,Damp,0.3,5.4,18,0,1,0,0,0,0
Parasect,1,60,95,80,60,80,30,0.1481481481,0.2345679012,0.1975308642,0.1481481481,0.1975308642,0.07407407407,405,Bug,Grass,Effect Spore,Dry Skin,Damp,1,29.5,29.5,0,2,1,0,0,0
Venonat,1,60,55,50,40,55,45,0.1967213115,0.1803278689,0.1639344262,0.131147541,0.1803278689,0.1475409836,305,Bug,Poison,Compoundeyes,Tinted Lens,Run Away,1,30,30,0,0,0,0,1,0
Venomoth,1,70,65,60,90,75,90,0.1555555556,0.1444444444,0.1333333333,0.2,0.1666666667,0.2,450,Bug,Poison,Shield Dust,Tinted Lens,Wonder Skin,1.5,12.5,8.333333333,0,0,0,1,0,1
Diglett,1,10,55,25,35,45,95,0.03773584906,0.2075471698,0.09433962264,0.1320754717,0.1698113208,0.358490566,265,Ground,N/A,Sand Veil,Arena Trap,Sand Force,0.2,0.8,4,0,0,0,0,0,1
Diglett (Alolan),7,10,55,30,35,45,90,0.03773584906,0.2075471698,0.1132075472,0.1320754717,0.1698113208,0.3396226415,265,Ground,Steel,Sand Veil,Tangling Hair,Sand Force,0.2,1,5,0,0,0,0,0,1
Dugtrio,1,35,100,50,50,70,120,0.08235294118,0.2352941176,0.1176470588,0.1176470588,0.1647058824,0.2823529412,425,Ground,N/A,Sand Veil,Arena Trap,Sand Force,0.7,33.3,47.57142857,0,0,0,0,0,2
Dugtrio (Alolan),7,35,100,60,50,70,110,0.08235294118,0.2352941176,0.1411764706,0.1176470588,0.1647058824,0.2588235294,425,Ground,Steel,Sand Veil,Tangling Hair,Sand Force,0.7,66.6,95.14285714,0,2,0,0,0,0
Meowth,1,40,45,35,40,40,90,0.1379310345,0.1551724138,0.1206896552,0.1379310345,0.1379310345,0.3103448276,290,Normal,N/A,Pickup,Technician,Unnerve,0.4,4.2,10.5,0,0,0,0,0,1
Meowth (Alolan),7,40,35,35,50,40,90,0.1379310345,0.1206896552,0.1206896552,0.1724137931,0.1379310345,0.3103448276,290,Dark,N/A,Pickup,Technician,Rattled,0.4,4.2,10.5,0,0,0,0,0,1
Meowth (Galarian),8,50,65,55,40,40,40,0.1724137931,0.224137931,0.1896551724,0.1379310345,0.1379310345,0.1379310345,290,Steel,N/A,Pickup,Tough Claws,Unnerve,0.4,7.5,18.75,0,1,0,0,0,0
Persian,1,65,70,60,65,65,115,0.1477272727,0.1590909091,0.1363636364,0.1477272727,0.1477272727,0.2613636364,440,Normal,N/A,Limber,Technician,Unnerve,1,32,32,0,0,0,0,0,2
Persian (Alolan),7,65,60,60,75,65,115,0.1477272727,0.1363636364,0.1363636364,0.1704545455,0.1477272727,0.2613636364,440,Dark,N/A,Fur Coat,Technician,Rattled,1.1,33,30,0,0,0,0,0,2
Psyduck,1,50,52,48,65,50,55,0.15625,0.1625,0.15,0.203125,0.15625,0.171875,320,Water,N/A,Damp,Cloud Nine,Swift Swim,0.8,19.6,24.5,0,0,0,1,0,0
Golduck,1,80,82,78,95,80,85,0.16,0.164,0.156,0.19,0.16,0.17,500,Water,N/A,Damp,Cloud Nine,Swift Swim,1.7,76.6,45.05882353,0,0,0,2,0,0
Mankey,1,40,80,35,35,45,70,0.131147541,0.262295082,0.1147540984,0.1147540984,0.1475409836,0.2295081967,305,Fighting,N/A,Vital Spirit,Anger Point,Defiant,0.5,28,56,0,1,0,0,0,0
Primeape,1,65,105,60,60,70,95,0.1428571429,0.2307692308,0.1318681319,0.1318681319,0.1538461538,0.2087912088,455,Fighting,N/A,Vital Spirit,Anger Point,Defiant,1,32,32,0,2,0,0,0,0
Growlithe,1,55,70,45,70,50,60,0.1571428571,0.2,0.1285714286,0.2,0.1428571429,0.1714285714,350,Fire,N/A,Intimidate,Flash Fire,Justified,0.7,19,27.14285714,0,1,0,0,0,0
Growlithe (Hisuian),8,60,75,45,65,50,55,0.1714285714,0.2142857143,0.1285714286,0.1857142857,0.1428571429,0.1571428571,350,Fire,Rock,Intimidate,Flash Fire,Rock Head,0.8,22.7,28.375,0,1,0,0,0,0
Arcanine,1,90,110,80,100,80,95,0.1621621622,0.1981981982,0.1441441441,0.1801801802,0.1441441441,0.1711711712,555,Fire,N/A,Intimidate,Flash Fire,Justified,1.9,155,81.57894737,0,2,0,0,0,0
Arcanine (Hisuian),8,95,115,80,95,80,90,0.1711711712,0.2072072072,0.1441441441,0.1711711712,0.1441441441,0.1621621622,555,Fire,Rock,Intimidate,Flash Fire,Rock Head,2,168,84,0,2,0,0,0,0
Poliwag,1,40,50,40,40,40,90,0.1333333333,0.1666666667,0.1333333333,0.1333333333,0.1333333333,0.3,300,Water,N/A,Water Absorb,Damp,Swift Swim,0.6,12.4,20.66666667,0,0,0,0,0,1
Poliwhirl,1,65,65,65,50,50,90,0.1688311688,0.1688311688,0.1688311688,0.1298701299,0.1298701299,0.2337662338,385,Water,N/A,Water Absorb,Damp,Swift Swim,1,20,20,0,0,0,0,0,2
Poliwrath,1,90,95,95,70,90,70,0.1764705882,0.1862745098,0.1862745098,0.137254902,0.1764705882,0.137254902,510,Water,Fighting,Water Absorb,Damp,Swift Swim,1.3,54,41.53846154,0,0,3,0,0,0
Abra,1,25,20,15,105,55,90,0.08064516129,0.06451612903,0.04838709677,0.3387096774,0.1774193548,0.2903225806,310,Psychic,N/A,Synchronize,Inner Focus,Magic Guard,0.9,19.5,21.66666667,0,0,0,1,0,0
Kadabra,1,40,35,30,120,70,105,0.1,0.0875,0.075,0.3,0.175,0.2625,400,Psychic,N/A,Synchronize,Inner Focus,Magic Guard,1.3,56.5,43.46153846,0,0,0,2,0,0
Alakazam,1,55,50,45,135,95,120,0.11,0.1,0.09,0.27,0.19,0.24,500,Psychic,N/A,Synchronize,Inner Focus,Magic Guard,1.5,48,32,0,0,0,3,0,0
Machop,1,70,80,50,35,35,35,0.2295081967,0.262295082,0.1639344262,0.1147540984,0.1147540984,0.1147540984,305,Fighting,N/A,Guts,No Guard,Steadfast,0.8,19.5,24.375,0,1,0,0,0,0
Machoke,1,80,100,70,50,60,45,0.1975308642,0.2469135802,0.1728395062,0.1234567901,0.1481481481,0.1111111111,405,Fighting,N/A,Guts,No Guard,Steadfast,1.5,70.5,47,0,2,0,0,0,0
Machamp,1,90,130,80,65,85,55,0.1782178218,0.2574257426,0.1584158416,0.1287128713,0.1683168317,0.1089108911,505,Fighting,N/A,Guts,No Guard,Steadfast,1.6,130,81.25,0,3,0,0,0,0
Bellsprout,1,50,75,35,70,30,40,0.1666666667,0.25,0.1166666667,0.2333333333,0.1,0.1333333333,300,Grass,Poison,Chlorophyll,N/A,Gluttony,0.7,4,5.714285714,0,1,0,0,0,0
Weepinbell,1,65,90,50,85,45,55,0.1666666667,0.2307692308,0.1282051282,0.2179487179,0.1153846154,0.141025641,390,Grass,Poison,Chlorophyll,N/A,Gluttony,1,6.4,6.4,0,2,0,0,0,0
Victreebel,1,80,105,65,100,70,70,0.1632653061,0.2142857143,0.1326530612,0.2040816327,0.1428571429,0.1428571429,490,Grass,Poison,Chlorophyll,N/A,Gluttony,1.7,15.5,9.117647059,0,3,0,0,0,0
Tentacool,1,40,40,35,50,100,70,0.1194029851,0.1194029851,0.1044776119,0.1492537313,0.2985074627,0.2089552239,335,Water,Poison,Clear Body,Liquid Ooze,Rain Dish,0.9,45.5,50.55555556,0,0,0,0,1,0
Tentacruel,1,80,70,65,80,120,100,0.1553398058,0.1359223301,0.1262135922,0.1553398058,0.2330097087,0.1941747573,515,Water,Poison,Clear Body,Liquid Ooze,Rain Dish,1.6,55,34.375,0,0,0,0,2,0
Geodude,1,40,80,100,30,30,20,0.1333333333,0.2666666667,0.3333333333,0.1,0.1,0.06666666667,300,Rock,Ground,Rock Head,Sturdy,Sand Veil,0.4,20,50,0,0,1,0,0,0
Geodude (Alolan),7,40,80,100,30,30,20,0.1333333333,0.2666666667,0.3333333333,0.1,0.1,0.06666666667,300,Rock,Electric,Magnet Pull,Sturdy,Galvanize,0.4,20.3,50.75,0,0,1,0,0,0
Graveler,1,55,95,115,45,45,35,0.141025641,0.2435897436,0.2948717949,0.1153846154,0.1153846154,0.08974358974,390,Rock,Ground,Rock Head,Sturdy,Sand Veil,1,105,105,0,0,2,0,0,0
Graveler (Alolan),7,55,95,115,45,45,35,0.141025641,0.2435897436,0.2948717949,0.1153846154,0.1153846154,0.08974358974,390,Rock,Electric,Magnet Pull,Sturdy,Galvanize,1,110,110,0,0,2,0,0,0
Golem,1,80,120,130,55,65,45,0.1616161616,0.2424242424,0.2626262626,0.1111111111,0.1313131313,0.09090909091,495,Rock,Ground,Rock Head,Sturdy,Sand Veil,1.4,300,214.2857143,0,0,3,0,0,0
Golem (Alolan),7,80,120,130,55,65,45,0.1616161616,0.2424242424,0.2626262626,0.1111111111,0.1313131313,0.09090909091,495,Rock,Electric,Magnet Pull,Sturdy,Galvanize,1.7,316,185.8823529,0,0,3,0,0,0
Ponyta,1,50,85,55,65,65,90,0.1219512195,0.2073170732,0.1341463415,0.1585365854,0.1585365854,0.2195121951,410,Fire,N/A,Run Away,Flash Fire,Flame Body,1,30,30,0,0,0,0,0,1
Ponyta (Galarian),8,50,85,55,65,65,90,0.1219512195,0.2073170732,0.1341463415,0.1585365854,0.1585365854,0.2195121951,410,Psychic,N/A,Run Away,Pastel Veil,Anticipation,0.8,24,30,0,0,0,0,0,1
Rapidash,1,65,100,70,80,80,105,0.13,0.2,0.14,0.16,0.16,0.21,500,Fire,N/A,Run Away,Flash Fire,Flame Body,1.7,95,55.88235294,0,0,0,0,0,2
Rapidash (Galarian),8,65,100,70,80,80,105,0.13,0.2,0.14,0.16,0.16,0.21,500,Psychic,Fairy,Run Away,Pastel Veil,Anticipation,1.7,80,47.05882353,0,0,0,0,0,2
Slowpoke,1,90,65,65,40,40,15,0.2857142857,0.2063492063,0.2063492063,0.126984127,0.126984127,0.04761904762,315,Water,Psychic,Oblivious,Own Tempo,Regenerator,1.2,36,30,1,0,0,0,0,0
Slowpoke (Galarian),8,90,65,65,40,40,15,0.2857142857,0.2063492063,0.2063492063,0.126984127,0.126984127,0.04761904762,315,Psychic,N/A,Gluttony,Own Tempo,Regenerator,1.2,36,30,1,0,0,0,0,0
Slowbro,1,95,75,110,100,80,30,0.193877551,0.1530612245,0.2244897959,0.2040816327,0.1632653061,0.0612244898,490,Water,Psychic,Oblivious,Own Tempo,Regenerator,1.6,78.5,49.0625,0,0,2,0,0,0
Slowbro (Galarian),8,95,100,85,100,70,30,0.1979166667,0.2083333333,0.1770833333,0.2083333333,0.1458333333,0.0625,480,Poison,Psychic,Quick Draw,Own Tempo,Regenerator,1.6,70.5,44.0625,0,0,2,0,0,0
Magnemite,1,25,35,70,95,55,45,0.07692307692,0.1076923077,0.2153846154,0.2923076923,0.1692307692,0.1384615385,325,Electric,Steel,Magnet Pull,Sturdy,Analytic,0.3,6,20,0,0,0,1,0,0
Magneton,1,50,60,95,120,70,70,0.1075268817,0.1290322581,0.2043010753,0.2580645161,0.1505376344,0.1505376344,465,Electric,Steel,Magnet Pull,Sturdy,Analytic,1,60,60,0,0,0,2,0,0
Farfetch'd,1,52,90,55,58,62,60,0.1379310345,0.2387267905,0.1458885942,0.1538461538,0.1644562334,0.1591511936,377,Normal,Flying,Keen Eye,Inner Focus,Defiant,0.8,15,18.75,0,1,0,0,0,0
Farfetch'd (Galarian),8,52,95,55,58,62,55,0.1379310345,0.2519893899,0.1458885942,0.1538461538,0.1644562334,0.1458885942,377,Fighting,N/A,Steadfast,Steadfast,Scrappy,0.8,42,52.5,0,1,0,0,0,0
Doduo,1,35,85,45,35,35,75,0.1129032258,0.2741935484,0.1451612903,0.1129032258,0.1129032258,0.2419354839,310,Normal,Flying,Run Away,Early Bird,Tangled Feet,1.4,39.2,28,0,1,0,0,0,0
Dodrio,1,60,110,70,60,60,110,0.1276595745,0.2340425532,0.1489361702,0.1276595745,0.1276595745,0.2340425532,470,Normal,Flying,Run Away,Early Bird,Tangled Feet,1.8,85.2,47.33333333,0,2,0,0,0,0
Seel,1,65,45,55,45,70,45,0.2,0.1384615385,0.1692307692,0.1384615385,0.2153846154,0.1384615385,325,Water,N/A,Thick Fat,Hydration,Ice Body,1.1,90,81.81818182,0,0,0,0,1,0
Dewgong,1,90,70,80,70,95,70,0.1894736842,0.1473684211,0.1684210526,0.1473684211,0.2,0.1473684211,475,Water,Ice,Thick Fat,Hydration,Ice Body,1.7,120,70.58823529,0,0,0,0,2,0
Grimer,1,80,80,50,40,50,25,0.2461538462,0.2461538462,0.1538461538,0.1230769231,0.1538461538,0.07692307692,325,Poison,N/A,Stench,Sticky Hold,Poison Touch,0.9,30,33.33333333,1,0,0,0,0,0
Grimer (Alolan),7,80,80,50,40,50,25,0.2461538462,0.2461538462,0.1538461538,0.1230769231,0.1538461538,0.07692307692,325,Poison,Dark,Poison Touch,Gluttony,Power of Alchemy,0.7,42,60,1,0,0,0,0,0
Muk,1,105,105,75,65,100,50,0.21,0.21,0.15,0.13,0.2,0.1,500,Poison,N/A,Stench,Sticky Hold,Poison Touch,1.2,30,25,1,1,0,0,0,0
Muk (Alolan),7,105,105,75,65,100,50,0.21,0.21,0.15,0.13,0.2,0.1,500,Poison,Dark,Poison Touch,Gluttony,Power of Alchemy,1,52,52,1,1,0,0,0,0
Shellder,1,30,65,100,45,25,40,0.09836065574,0.2131147541,0.3278688525,0.1475409836,0.08196721311,0.131147541,305,Water,N/A,Shell Armor,Skill Link,Overcoat,0.3,4,13.33333333,0,0,1,0,0,0
Cloyster,1,50,95,180,85,45,70,0.09523809524,0.180952381,0.3428571429,0.1619047619,0.08571428571,0.1333333333,525,Water,Ice,Shell Armor,Skill Link,Overcoat,1.5,132.5,88.33333333,0,0,2,0,0,0
Gastly,1,30,35,30,100,35,80,0.09677419355,0.1129032258,0.09677419355,0.3225806452,0.1129032258,0.2580645161,310,Ghost,Poison,Levitate,N/A,N/A,1.3,0.1,0.07692307692,0,0,0,1,0,0
Haunter,1,45,50,45,115,55,95,0.1111111111,0.1234567901,0.1111111111,0.2839506173,0.1358024691,0.2345679012,405,Ghost,Poison,Levitate,N/A,N/A,1.6,0.1,0.0625,0,0,0,2,0,0
Gengar,1,60,65,60,130,75,110,0.12,0.13,0.12,0.26,0.15,0.22,500,Ghost,Poison,Cursed Body,N/A,N/A,1.5,40.5,27,0,0,0,3,0,0
Onix,1,35,45,160,30,45,70,0.09090909091,0.1168831169,0.4155844156,0.07792207792,0.1168831169,0.1818181818,385,Rock,Ground,Rock Head,Sturdy,Weak Armor,8.8,210,23.86363636,0,0,1,0,0,0
Drowzee,1,60,48,45,43,90,42,0.1829268293,0.1463414634,0.137195122,0.131097561,0.2743902439,0.1280487805,328,Psychic,N/A,Insomnia,Forewarn,Inner Focus,1,32.4,32.4,0,0,0,0,1,0
Hypno,1,85,73,70,73,115,67,0.1759834369,0.1511387164,0.1449275362,0.1511387164,0.2380952381,0.1387163561,483,Psychic,N/A,Insomnia,Forewarn,Inner Focus,1.6,75.6,47.25,0,0,0,0,2,0
Krabby,1,30,105,90,25,25,50,0.09230769231,0.3230769231,0.2769230769,0.07692307692,0.07692307692,0.1538461538,325,Water,N/A,Hyper Cutter,Shell Armor,Sheer Force,0.4,6.5,16.25,0,1,0,0,0,0
Kingler,1,55,130,115,50,50,75,0.1157894737,0.2736842105,0.2421052632,0.1052631579,0.1052631579,0.1578947368,475,Water,N/A,Hyper Cutter,Shell Armor,Sheer Force,1.3,60,46.15384615,0,2,0,0,0,0
Voltorb,1,40,30,50,55,55,100,0.1212121212,0.09090909091,0.1515151515,0.1666666667,0.1666666667,0.303030303,330,Electric,N/A,Soundproof,Static,Aftermath,0.5,10.4,20.8,0,0,0,0,0,1
Voltorb (Hisuian),8,40,30,50,55,55,100,0.1212121212,0.09090909091,0.1515151515,0.1666666667,0.1666666667,0.303030303,330,Electric,Grass,Soundproof,Static,Aftermath,0.5,13,26,0,0,0,0,0,1
Electrode,1,60,50,70,80,80,150,0.1224489796,0.1020408163,0.1428571429,0.1632653061,0.1632653061,0.306122449,490,Electric,N/A,Soundproof,Static,Aftermath,1.2,66.6,55.5,0,0,0,0,0,2
Electrode (Hisuian),8,60,50,70,80,80,150,0.1224489796,0.1020408163,0.1428571429,0.1632653061,0.1632653061,0.306122449,490,Electric,Grass,Soundproof,Static,Aftermath,1.2,71,59.16666667,0,0,0,0,0,2
Exeggcute,1,60,40,80,60,45,40,0.1846153846,0.1230769231,0.2461538462,0.1846153846,0.1384615385,0.1230769231,325,Grass,Psychic,Chlorophyll,N/A,Harvest,0.4,2.5,6.25,0,0,1,0,0,0
Exeggutor,1,95,95,85,125,75,55,0.179245283,0.179245283,0.1603773585,0.2358490566,0.141509434,0.1037735849,530,Grass,Psychic,Chlorophyll,N/A,Harvest,2,120,60,0,0,0,2,0,0
Exeggutor (Alolan),7,95,105,85,125,75,45,0.179245283,0.1981132075,0.1603773585,0.2358490566,0.141509434,0.08490566038,530,Grass,Dragon,Frisk,N/A,Harvest,10.9,415.6,38.12844037,0,0,0,2,0,0
Cubone,1,50,50,95,40,50,35,0.15625,0.15625,0.296875,0.125,0.15625,0.109375,320,Ground,N/A,Rock Head,Lightningrod,Battle Armor,0.4,6.5,16.25,0,0,1,0,0,0
Marowak,1,60,80,110,50,80,45,0.1411764706,0.1882352941,0.2588235294,0.1176470588,0.1882352941,0.1058823529,425,Ground,N/A,Rock Head,Lightningrod,Battle Armor,1,45,45,0,0,2,0,0,0
Marowak (Alolan),7,60,80,110,50,80,45,0.1411764706,0.1882352941,0.2588235294,0.1176470588,0.1882352941,0.1058823529,425,Fire,Ghost,Cursed Body,Lightningrod,Rock Head,1,34,34,0,0,2,0,0,0
Hitmonlee,1,50,120,53,35,110,87,0.1098901099,0.2637362637,0.1164835165,0.07692307692,0.2417582418,0.1912087912,455,Fighting,N/A,Limber,Reckless,Unburden,1.5,49.8,33.2,0,2,0,0,0,0
Hitmonchan,1,50,105,79,35,110,76,0.1098901099,0.2307692308,0.1736263736,0.07692307692,0.2417582418,0.167032967,455,Fighting,N/A,Keen Eye,Iron Fist,Inner Focus,1.4,50.2,35.85714286,0,0,0,0,2,0
Lickitung,1,90,55,75,60,75,30,0.2337662338,0.1428571429,0.1948051948,0.1558441558,0.1948051948,0.07792207792,385,Normal,N/A,Own Tempo,Oblivious,Cloud Nine,1.2,65.5,54.58333333,2,0,0,0,0,0
Koffing,1,40,65,95,60,45,35,0.1176470588,0.1911764706,0.2794117647,0.1764705882,0.1323529412,0.1029411765,340,Poison,N/A,Levitate,Neutralizing Gas,Stench,0.6,1,1.666666667,0,0,1,0,0,0
Weezing,1,65,90,120,85,70,60,0.1326530612,0.1836734694,0.2448979592,0.1734693878,0.1428571429,0.1224489796,490,Poison,N/A,Levitate,Neutralizing Gas,Stench,1.2,9.5,7.916666667,0,0,2,0,0,0
Weezing (Galarian),8,65,90,120,85,70,60,0.1326530612,0.1836734694,0.2448979592,0.1734693878,0.1428571429,0.1224489796,490,Poison,Fairy,Levitate,Neutralizing Gas,Misty Surge,3,16,5.333333333,0,0,2,0,0,0
Rhyhorn,1,80,85,95,30,30,25,0.231884058,0.2463768116,0.2753623188,0.08695652174,0.08695652174,0.07246376812,345,Ground,Rock,Lightningrod,Rock Head,Reckless,1,115,115,0,0,1,0,0,0
Rhydon,1,105,130,120,45,45,40,0.2164948454,0.2680412371,0.2474226804,0.09278350515,0.09278350515,0.0824742268,485,Ground,Rock,Lightningrod,Rock Head,Reckless,1.9,120,63.15789474,0,2,0,0,0,0
Chansey,1,250,5,5,35,105,50,0.5555555556,0.01111111111,0.01111111111,0.07777777778,0.2333333333,0.1111111111,450,Normal,N/A,Natural Cure,Serene Grace,Healer,1.1,34.6,31.45454545,2,0,0,0,0,0
Tangela,1,65,55,115,100,40,60,0.1494252874,0.1264367816,0.2643678161,0.2298850575,0.09195402299,0.1379310345,435,Grass,N/A,Chlorophyll,Leaf Guard,Regenerator,1,35,35,0,0,1,0,0,0
Kangaskhan,1,105,95,80,40,80,90,0.2142857143,0.193877551,0.1632653061,0.08163265306,0.1632653061,0.1836734694,490,Normal,N/A,Early Bird,Scrappy,Inner Focus,2.2,80,36.36363636,2,0,0,0,0,0
Horsea,1,30,40,70,70,25,60,0.1016949153,0.1355932203,0.2372881356,0.2372881356,0.08474576271,0.2033898305,295,Water,N/A,Swift Swim,Sniper,Damp,0.4,8,20,0,0,0,1,0,0
Seadra,1,55,65,95,95,45,85,0.125,0.1477272727,0.2159090909,0.2159090909,0.1022727273,0.1931818182,440,Water,N/A,Poison Point,Sniper,Damp,1.2,25,20.83333333,0,0,1,1,0,0
Goldeen,1,45,67,60,35,50,63,0.140625,0.209375,0.1875,0.109375,0.15625,0.196875,320,Water,N/A,Swift Swim,Water Veil,Lightningrod,0.6,15,25,0,1,0,0,0,0
Seaking,1,80,92,65,65,80,68,0.1777777778,0.2044444444,0.1444444444,0.1444444444,0.1777777778,0.1511111111,450,Water,N/A,Swift Swim,Water Veil,Lightningrod,1.3,39,30,0,2,0,0,0,0
Staryu,1,30,45,55,70,55,85,0.08823529412,0.1323529412,0.1617647059,0.2058823529,0.1617647059,0.25,340,Water,N/A,Illuminate,Natural Cure,Analytic,0.8,34.5,43.125,0,0,0,0,0,1
Starmie,1,60,75,85,100,85,115,0.1153846154,0.1442307692,0.1634615385,0.1923076923,0.1634615385,0.2211538462,520,Water,Psychic,Illuminate,Natural Cure,Analytic,1.1,80,72.72727273,0,0,0,0,0,2
Mr. Mime,1,40,45,65,100,120,90,0.08695652174,0.09782608696,0.1413043478,0.2173913043,0.2608695652,0.1956521739,460,Psychic,Fairy,Soundproof,Filter,Technician,1.3,54.5,41.92307692,0,0,0,0,2,0
Mr. Mime (Galarian),8,50,65,65,90,90,100,0.1086956522,0.1413043478,0.1413043478,0.1956521739,0.1956521739,0.2173913043,460,Ice,Psychic,Vital Spirit,Screen Cleaner,Ice Body,1.4,56.8,40.57142857,0,0,0,0,0,2
Scyther,1,70,110,80,55,80,105,0.14,0.22,0.16,0.11,0.16,0.21,500,Bug,Flying,Swarm,Technician,Steadfast,1.5,56,37.33333333,0,1,0,0,0,0
Jynx,1,65,50,35,115,95,95,0.1428571429,0.1098901099,0.07692307692,0.2527472527,0.2087912088,0.2087912088,455,Ice,Psychic,Oblivious,Forewarn,Dry Skin,1.4,40.6,29,0,0,0,2,0,0
Electabuzz,1,65,83,57,95,85,105,0.1326530612,0.1693877551,0.1163265306,0.193877551,0.1734693878,0.2142857143,490,Electric,N/A,Static,N/A,Vital Spirit,1.1,30,27.27272727,0,0,0,0,0,2
Magmar,1,65,95,57,100,85,93,0.1313131313,0.1919191919,0.1151515152,0.202020202,0.1717171717,0.1878787879,495,Fire,N/A,Flame Body,N/A,Vital Spirit,1.3,44.5,34.23076923,0,0,0,2,0,0
Pinsir,1,65,125,100,55,70,85,0.13,0.25,0.2,0.11,0.14,0.17,500,Bug,N/A,Hyper Cutter,Mold Breaker,Moxie,1.5,55,36.66666667,0,2,0,0,0,0
Tauros,1,75,100,95,40,70,110,0.1530612245,0.2040816327,0.193877551,0.08163265306,0.1428571429,0.2244897959,490,Normal,N/A,Intimidate,Anger Point,Sheer Force,1.4,88.4,63.14285714,0,1,0,0,0,1
Tauros (Paldean Combat),9,75,110,105,30,70,100,0.1530612245,0.2244897959,0.2142857143,0.0612244898,0.1428571429,0.2040816327,490,Fighting,N/A,Intimidate,Anger Point,Cud Chew,1.4,115,82.14285714,0,1,0,0,0,1
Tauros (Paldean Blaze),9,75,110,105,30,70,100,0.1530612245,0.2244897959,0.2142857143,0.0612244898,0.1428571429,0.2040816327,490,Fighting,Fire,Intimidate,Anger Point,Cud Chew,1.4,85,60.71428571,0,1,0,0,0,1
Tauros (Paldean Aqua),9,75,110,105,30,70,100,0.1530612245,0.2244897959,0.2142857143,0.0612244898,0.1428571429,0.2040816327,490,Fighting,Water,Intimidate,Anger Point,Cud Chew,1.4,110,78.57142857,0,1,0,0,0,1
Magikarp,1,20,10,55,15,20,80,0.1,0.05,0.275,0.075,0.1,0.4,200,Water,N/A,Swift Swim,N/A,Rattled,0.9,10,11.11111111,0,0,0,0,0,1
Gyarados,1,95,125,79,60,100,81,0.1759259259,0.2314814815,0.1462962963,0.1111111111,0.1851851852,0.15,540,Water,Flying,Intimidate,N/A,Moxie,6.5,235,36.15384615,0,2,0,0,0,0
Lapras,1,130,85,80,85,95,60,0.2429906542,0.1588785047,0.1495327103,0.1588785047,0.1775700935,0.1121495327,535,Water,Ice,Water Absorb,Shell Armor,Hydration,2.5,220,88,2,0,0,0,0,0
Ditto,1,48,48,48,48,48,48,0.1666666667,0.1666666667,0.1666666667,0.1666666667,0.1666666667,0.1666666667,288,Normal,N/A,Limber,N/A,Imposter,0.3,4,13.33333333,1,0,0,0,0,0
Eevee,1,55,55,50,45,65,55,0.1692307692,0.1692307692,0.1538461538,0.1384615385,0.2,0.1692307692,325,Normal,N/A,Run Away,Adaptability,Anticipation,0.3,6.5,21.66666667,0,0,0,0,1,0
Vaporeon,1,130,65,60,110,95,65,0.2476190476,0.1238095238,0.1142857143,0.2095238095,0.180952381,0.1238095238,525,Water,N/A,Water Absorb,N/A,Hydration,1,29,29,2,0,0,0,0,0
Jolteon,1,65,65,60,110,95,130,0.1238095238,0.1238095238,0.1142857143,0.2095238095,0.180952381,0.2476190476,525,Electric,N/A,Volt Absorb,N/A,Quick Feet,0.8,24.5,30.625,0,0,0,0,0,2
Flareon,1,65,130,60,95,110,65,0.1238095238,0.2476190476,0.1142857143,0.180952381,0.2095238095,0.1238095238,525,Fire,N/A,Flash Fire,N/A,Guts,0.9,25,27.77777778,0,2,0,0,0,0
Porygon,1,65,60,70,85,75,40,0.164556962,0.1518987342,0.1772151899,0.2151898734,0.1898734177,0.1012658228,395,Normal,N/A,Trace,Download,Analytic,0.8,36.5,45.625,0,0,0,1,0,0
Omanyte,1,35,40,100,90,55,35,0.0985915493,0.1126760563,0.2816901408,0.2535211268,0.1549295775,0.0985915493,355,Rock,Water,Swift Swim,Shell Armor,Weak Armor,0.4,7.5,18.75,0,0,1,0,0,0
Omastar,1,70,60,125,115,70,55,0.1414141414,0.1212121212,0.2525252525,0.2323232323,0.1414141414,0.1111111111,495,Rock,Water,Swift Swim,Shell Armor,Weak Armor,1,35,35,0,0,2,0,0,0
Kabuto,1,30,80,90,55,45,55,0.08450704225,0.2253521127,0.2535211268,0.1549295775,0.1267605634,0.1549295775,355,Rock,Water,Swift Swim,Battle Armor,Weak Armor,0.5,11.5,23,0,0,1,0,0,0
Kabutops,1,60,115,105,65,70,80,0.1212121212,0.2323232323,0.2121212121,0.1313131313,0.1414141414,0.1616161616,495,Rock,Water,Swift Swim,Battle Armor,Weak Armor,1.3,40.5,31.15384615,0,2,0,0,0,0
Aerodactyl,1,80,105,65,60,75,130,0.1553398058,0.2038834951,0.1262135922,0.1165048544,0.145631068,0.2524271845,515,Rock,Flying,Rock Head,Pressure,Unnerve,1.8,59,32.77777778,0,0,0,0,0,2
Snorlax,1,160,110,65,65,110,30,0.2962962963,0.2037037037,0.1203703704,0.1203703704,0.2037037037,0.05555555556,540,Normal,N/A,Immunity,Thick Fat,Gluttony,2.1,460,219.047619,2,0,0,0,0,0
Dratini,1,41,64,45,50,50,50,0.1366666667,0.2133333333,0.15,0.1666666667,0.1666666667,0.1666666667,300,Dragon,N/A,Shed Skin,N/A,Marvel Scale,1.8,3.3,1.833333333,0,1,0,0,0,0
Dragonair,1,61,84,65,70,70,70,0.1452380952,0.2,0.1547619048,0.1666666667,0.1666666667,0.1666666667,420,Dragon,N/A,Shed Skin,N/A,Marvel Scale,4,16.5,4.125,0,2,0,0,0,0
Dragonite,1,91,134,95,100,100,80,0.1516666667,0.2233333333,0.1583333333,0.1666666667,0.1666666667,0.1333333333,600,Dragon,Flying,Inner Focus,N/A,Multiscale,2.2,210,95.45454545,0,3,0,0,0,0